{"Sensor1":{"isCongested":true,"location":[49.412663,8.711916]},"Sensor2":{"isCongested":true,"location":[49.408367,8.668972]},"Sensor3":{"isCongested":true,"location":[49.414269,8.676783]},"Sensor4":{"isCongested":true,"location":[49.41214,8.69763]},"Sensor5":{"isCongested":true,"location":[49.408194,8.685897]},"Sensor6":{"isCongested":false,"location":[49.417121,8.692106]},"Sensor7":{"isCongested":false,"location":[49.413832,8.69129]},"Sensor8":{"isCongested":false,"location":[49.40916,8.689824]},"Sensor9":{"isCongested":false,"location":[49.412231,8.651065]},"Sensor10":{"isCongested":false,"location":[49.406179,8.6703]},"Sensor11":{"isCongested":false,"location":[49.413479,8.70785]},"Sensor12":{"isCongested":true,"location":[49.411427,8.676365]},"Sensor13":{"isCongested":true,"location":[49.413447,8.64504]},"Sensor14":{"isCongested":false,"location":[49.405133,8.683776]},"Sensor15":{"isCongested":false,"location":[49.410192,8.686975]},"Sensor16":{"isCongested":false,"location":[49.40486,8.669365]},"Sensor17":{"isCongested":false,"location":[49.404685,8.677534]},"Sensor18":{"isCongested":true,"location":[49.402155,8.68017]},"Sensor19":{"isCongested":false,"location":[49.400574,8.689055]},"Sensor20":{"isCongested":false,"location":[49.410874,8.705946]},"Sensor21":{"isCongested":false,"location":[49.409471,8.700209]},"Sensor22":{"isCongested":true,"location":[49.414037,8.686079]},"Sensor23":{"isCongested":true,"location":[49.414037,8.686079]},"Sensor24":{"isCongested":true,"location":[49.40672,8.656966]},"Sensor25":{"isCongested":true,"location":[49.414358,8.655076]},"Sensor26":{"isCongested":true,"location":[49.403356,8.646845]}}